0,128,32.0,0.31338566541671753
1,28,28.0,0.2056123912334442
2,19,19.0,0.22532236576080322
3,11,11.0,0.25969088077545166
4,11,11.0,0.29307445883750916
5,19,19.0,0.29643577337265015
6,8,8.0,0.31196528673171997
7,27,27.0,0.298030823469162
8,26,26.0,0.30776965618133545
9,15,15.0,0.3829883337020874
10,10,10.0,0.3854043185710907
11,10,10.0,0.3958290219306946
12,28,28.0,0.4168064594268799
13,12,12.0,0.40946754813194275
14,19,19.0,0.41759300231933594
15,14,14.0,0.41848841309547424
16,30,30.0,0.377391517162323
17,15,15.0,0.4683135747909546
18,10,10.0,0.5140795707702637
19,11,11.0,0.4717111587524414
20,26,26.0,0.4334988594055176
21,28,28.0,0.4181325137615204
22,16,16.0,0.48145824670791626
23,18,18.0,0.5505039095878601
24,36,36.0,0.37165868282318115
25,22,22.0,0.49037182331085205
26,29,29.0,0.4741823077201843
27,22,22.0,0.5212974548339844
28,16,16.0,0.5513083934783936
29,23,23.0,0.47422122955322266
30,22,22.0,0.47121602296829224
31,15,15.0,0.5654044151306152
32,67,67.0,0.5743948221206665
33,24,24.0,0.3797459602355957
34,23,23.0,0.4145851731300354
35,44,44.0,0.22659419476985931
36,33,33.0,0.29650893807411194
37,9,9.0,0.7038296461105347
38,11,11.0,0.6564074754714966
39,34,34.0,0.38905125856399536
40,49,49.0,0.2638184726238251
41,23,23.0,0.6123969554901123
42,16,16.0,0.6543207168579102
43,10,10.0,0.7696627378463745
44,16,16.0,0.6806031465530396
45,18,18.0,0.6539318561553955
46,23,23.0,0.5561237931251526
47,18,18.0,0.6747173070907593
48,13,13.0,0.8622620701789856
49,29,29.0,0.5372540950775146
50,10,10.0,0.8836959600448608
51,40,40.0,0.4852837920188904
52,23,23.0,0.8493162393569946
53,42,42.0,0.594218909740448
54,14,14.0,1.0971107482910156
55,22,22.0,0.9647421836853027
56,14,14.0,1.023941159248352
57,27,27.0,0.7725695371627808
58,32,32.0,0.7668426036834717
59,16,16.0,1.194114089012146
60,10,10.0,1.4109591245651245
61,21,21.0,0.9489610195159912
62,15,15.0,1.2541184425354004
63,18,18.0,1.0825514793395996
64,36,36.0,0.9658377766609192
65,14,14.0,1.5998401641845703
66,17,17.0,1.1921861171722412
67,11,11.0,1.5126402378082275
68,17,17.0,1.4278531074523926
69,41,41.0,1.1576173305511475
70,13,13.0,1.6874306201934814
71,32,32.0,1.51862370967865
72,18,18.0,1.8003445863723755
73,27,27.0,1.4273104667663574
74,10,10.0,1.7634661197662354
75,22,22.0,1.8687089681625366
76,13,13.0,1.8376805782318115
77,18,18.0,2.0561301708221436
78,21,21.0,1.9779908657073975
79,14,14.0,1.967254400253296
80,42,42.0,1.6595335006713867
81,14,14.0,2.0711426734924316
82,10,10.0,2.386166572570801
83,53,53.0,2.557161331176758
84,72,72.0,2.7445340156555176
85,11,11.0,2.478201389312744
86,20,20.0,2.7190299034118652
87,22,22.0,2.4713616371154785
88,15,15.0,2.7055819034576416
89,21,21.0,2.9650893211364746
90,14,14.0,2.783496141433716
91,27,27.0,2.6633663177490234
92,17,17.0,3.0208373069763184
93,19,19.0,3.026360034942627
94,21,21.0,3.022491216659546
95,21,21.0,3.026249885559082
96,20,20.0,3.1957430839538574
97,42,42.0,2.890861749649048
98,14,14.0,3.8831827640533447
99,22,22.0,3.386255979537964
100,19,19.0,3.7702476978302
101,17,17.0,3.7616467475891113
102,14,14.0,3.6586263179779053
103,33,33.0,3.597564458847046
104,10,10.0,4.494470596313477
105,14,14.0,4.158346176147461
106,11,11.0,4.3000054359436035
107,20,20.0,4.26052188873291
108,33,33.0,3.5779166221618652
109,20,20.0,4.735560417175293
110,11,11.0,4.639772415161133
111,18,18.0,4.140240669250488
112,30,30.0,4.702437400817871
113,16,16.0,4.989570617675781
114,19,19.0,4.633264541625977
115,12,12.0,4.6856889724731445
116,32,32.0,4.733969688415527
117,20,20.0,5.031123161315918
118,14,14.0,5.918837070465088
119,16,16.0,5.247591972351074
120,16,16.0,5.577609062194824
121,28,28.0,4.854494094848633
122,12,12.0,6.215771675109863
123,10,10.0,6.266881942749023
124,13,13.0,5.650697708129883
125,17,17.0,5.642060279846191
126,11,11.0,5.542219638824463
127,14,14.0,6.334115028381348
128,15,15.0,5.560553550720215
129,44,44.0,4.926647186279297
130,51,51.0,5.66221809387207
131,45,45.0,6.0094895362854
132,10,10.0,7.122726917266846
133,70,70.0,7.189525604248047
134,23,23.0,7.124777793884277
135,43,43.0,6.332034587860107
136,14,14.0,7.252642631530762
137,20,20.0,7.708256721496582
138,18,18.0,7.310262680053711
139,32,32.0,7.9021735191345215
140,26,26.0,7.493655204772949
141,22,22.0,8.230609893798828
142,15,15.0,8.23237133026123
143,11,11.0,9.008574485778809
144,21,21.0,8.430848121643066
145,11,11.0,8.967684745788574
146,13,13.0,8.815673828125
147,23,23.0,8.494913101196289
148,26,26.0,8.512200355529785
149,15,15.0,9.779458999633789
150,9,9.0,9.503374099731445
151,10,10.0,9.612934112548828
152,9,9.0,9.083639144897461
153,19,19.0,9.112525939941406
154,17,17.0,9.019157409667969
155,29,29.0,9.651277542114258
156,8,8.0,10.55206298828125
157,15,15.0,10.580310821533203
158,60,60.0,10.909077644348145
159,69,69.0,11.010751724243164
160,28,28.0,10.58591079711914
161,14,14.0,11.95455265045166
162,20,20.0,10.663057327270508
163,15,15.0,10.498025894165039
164,14,14.0,10.831298828125
165,17,17.0,11.307811737060547
166,13,13.0,11.908390998840332
167,15,15.0,11.6172456741333
168,21,21.0,12.03908920288086
169,16,16.0,11.589542388916016
170,12,12.0,12.359382629394531
171,28,28.0,11.5822114944458
172,20,20.0,12.95387077331543
173,16,16.0,12.439274787902832
174,23,23.0,12.681774139404297
175,29,29.0,13.313196182250977
176,12,12.0,14.561310768127441
177,12,12.0,12.88479232788086
178,20,20.0,13.316904067993164
179,25,25.0,12.446993827819824
180,12,12.0,13.389867782592773
181,18,18.0,13.383119583129883
182,25,25.0,13.856935501098633
183,20,20.0,14.338659286499023
184,37,37.0,12.877113342285156
185,27,27.0,13.974407196044922
186,17,17.0,15.188436508178711
187,19,19.0,14.152436256408691
188,17,17.0,15.4464750289917
189,25,25.0,15.443425178527832
190,22,22.0,16.563838958740234
191,16,16.0,14.998210906982422
192,14,14.0,16.021697998046875
193,10,10.0,17.14533805847168
194,11,11.0,16.512048721313477
195,16,16.0,15.627351760864258
196,23,23.0,16.200992584228516
197,13,13.0,18.072668075561523
198,13,13.0,15.993508338928223
199,61,61.0,16.577701568603516
200,25,25.0,17.610267639160156
201,17,17.0,16.941425323486328
202,15,15.0,17.631803512573242
203,35,35.0,17.528104782104492
204,10,10.0,18.104656219482422
205,16,16.0,18.257808685302734
206,17,17.0,19.19432830810547
207,15,15.0,18.813514709472656
208,75,75.0,19.613555908203125
209,14,14.0,22.848739624023438
210,16,16.0,19.85576057434082
211,22,22.0,17.77800178527832
212,15,15.0,16.88308334350586
213,22,22.0,20.32146453857422
214,9,9.0,20.57315444946289
215,14,14.0,21.021371841430664
216,35,35.0,19.346027374267578
217,31,31.0,20.59646224975586
218,44,44.0,19.905651092529297
219,14,14.0,20.576305389404297
220,45,45.0,21.307785034179688
221,14,14.0,24.154251098632812
222,52,52.0,22.026052474975586
223,13,13.0,24.232769012451172
224,14,14.0,24.439863204956055
225,32,32.0,21.537250518798828
226,20,20.0,24.80810546875
227,10,10.0,28.975666046142578
228,40,40.0,23.937772750854492
229,30,30.0,24.62628746032715
230,19,19.0,23.581073760986328
231,13,13.0,24.13334846496582
232,22,22.0,25.28646469116211
233,21,21.0,25.016036987304688
234,12,12.0,24.80569839477539
235,24,24.0,26.43968963623047
236,24,24.0,29.21163558959961
237,13,13.0,25.38935089111328
238,10,10.0,26.413257598876953
239,24,24.0,28.169607162475586
240,22,22.0,28.884559631347656
241,16,16.0,28.611421585083008
242,53,53.0,28.41386604309082
243,12,12.0,29.96928596496582
244,16,16.0,31.16883087158203
245,15,15.0,29.716453552246094
246,19,19.0,30.77676773071289
247,13,13.0,29.177837371826172
248,19,19.0,29.12735939025879
249,14,14.0,33.09853744506836
250,11,11.0,27.946762084960938
251,26,26.0,29.330434799194336
252,27,27.0,29.811138153076172
253,23,23.0,31.077640533447266
254,12,12.0,34.76824188232422
255,25,25.0,28.900768280029297
256,9,9.0,31.26553726196289
257,16,16.0,28.90219497680664
258,11,11.0,32.92106246948242
259,18,18.0,32.15810775756836
260,28,28.0,30.11415672302246
261,34,34.0,31.317787170410156
262,14,14.0,31.943130493164062
263,19,19.0,33.003150939941406
264,11,11.0,34.15596008300781
265,16,16.0,33.92473602294922
266,21,21.0,33.394046783447266
267,22,22.0,32.88075256347656
268,21,21.0,34.19940185546875
269,13,13.0,32.76647186279297
270,32,32.0,34.253822326660156
271,37,37.0,32.229026794433594
272,24,24.0,36.123497009277344
273,27,27.0,36.46244812011719
274,14,14.0,39.21442794799805
275,23,23.0,35.48828125
276,12,12.0,33.62067413330078
277,17,17.0,31.292930603027344
278,22,22.0,38.475006103515625
279,10,10.0,33.51629638671875
280,12,12.0,36.290565490722656
281,10,10.0,34.98231887817383
282,21,21.0,36.10693359375
283,32,32.0,37.34808349609375
284,21,21.0,37.123924255371094
285,10,10.0,36.223182678222656
286,14,14.0,39.62054443359375
287,19,19.0,39.486297607421875
288,23,23.0,42.06300735473633
289,11,11.0,43.691410064697266
290,28,28.0,41.85100555419922
291,16,16.0,38.3076171875
292,20,20.0,41.63091278076172
293,27,27.0,42.93476486206055
294,55,55.0,43.6161003112793
295,9,9.0,44.50506591796875
296,10,10.0,45.12179946899414
297,11,11.0,46.416297912597656
298,26,26.0,46.02210998535156
299,16,16.0,42.444236755371094
300,32,32.0,45.06639099121094
301,17,17.0,42.86918640136719
302,38,38.0,41.31603240966797
303,18,18.0,47.191925048828125
304,12,12.0,46.33634948730469
305,15,15.0,48.29137420654297
306,20,20.0,42.26118469238281
307,44,44.0,44.86809539794922
308,33,33.0,42.913856506347656
309,35,35.0,45.34242248535156
310,16,16.0,47.141754150390625
311,42,42.0,45.296875
312,30,30.0,45.030113220214844
313,17,17.0,46.55535888671875
314,28,28.0,46.04778289794922
315,11,11.0,46.90910339355469
316,25,25.0,51.008060455322266
317,28,28.0,50.7314338684082
318,43,43.0,45.8553466796875
319,18,18.0,48.59720993041992
320,21,21.0,53.98826217651367
321,28,28.0,53.515785217285156
322,14,14.0,55.7891731262207
323,21,21.0,53.071205139160156
324,15,15.0,53.827388763427734
325,17,17.0,49.39506530761719
326,21,21.0,52.17369842529297
327,27,27.0,52.770606994628906
328,10,10.0,55.14555740356445
329,18,18.0,55.77690124511719
330,20,20.0,54.24905776977539
331,27,27.0,57.46863555908203
332,15,15.0,56.90850067138672
333,11,11.0,50.946266174316406
334,19,19.0,55.625450134277344
335,41,41.0,50.61703109741211
336,10,10.0,52.57097244262695
337,15,15.0,55.48985290527344
338,21,21.0,56.45478057861328
339,62,62.0,55.67610168457031
340,19,19.0,55.63926315307617
341,31,31.0,55.09601593017578
342,20,20.0,61.03502655029297
343,40,40.0,58.34998321533203
344,23,23.0,59.73855209350586
345,19,19.0,57.220558166503906
346,23,23.0,57.81777572631836
347,18,18.0,65.52149200439453
348,11,11.0,59.23272705078125
349,19,19.0,61.52614212036133
350,22,22.0,68.82819366455078
351,42,42.0,60.733604431152344
352,15,15.0,62.497703552246094
353,19,19.0,61.19940948486328
354,9,9.0,60.21113204956055
355,32,32.0,55.458580017089844
356,34,34.0,66.81637573242188
357,34,34.0,69.01779174804688
358,34,34.0,74.06637573242188
359,47,47.0,59.727874755859375
360,22,22.0,63.2053108215332
361,18,18.0,66.75567626953125
362,23,23.0,71.12987518310547
363,13,13.0,74.4708251953125
364,21,21.0,70.45160675048828
365,33,33.0,66.79714965820312
366,9,9.0,76.55886840820312
367,17,17.0,68.98796081542969
368,35,35.0,73.22068786621094
369,19,19.0,72.15839385986328
370,26,26.0,71.69500732421875
371,13,13.0,73.45988464355469
372,21,21.0,69.00984191894531
373,25,25.0,66.5695571899414
374,11,11.0,68.59368133544922
375,15,15.0,80.09475708007812
376,12,12.0,81.4925765991211
377,9,9.0,73.82135009765625
378,12,12.0,66.48616790771484
379,11,11.0,80.21064758300781
380,24,24.0,76.50938415527344
381,26,26.0,77.67767333984375
382,11,11.0,77.49490356445312
383,37,37.0,73.66459655761719
384,13,13.0,74.7604751586914
385,10,10.0,74.86593627929688
386,19,19.0,83.625
387,15,15.0,74.27501678466797
388,15,15.0,74.26422119140625
389,45,45.0,68.88627624511719
390,43,43.0,76.23568725585938
391,19,19.0,82.83457946777344
392,14,14.0,76.76678466796875
393,13,13.0,76.2811279296875
394,15,15.0,89.10021209716797
395,10,10.0,81.96923828125
396,17,17.0,74.60181427001953
397,11,11.0,76.98387145996094
398,14,14.0,77.63276672363281
399,26,26.0,77.28177642822266
400,12,12.0,73.93084716796875
401,40,40.0,75.685546875
402,15,15.0,85.86425018310547
403,35,35.0,71.53968811035156
404,21,21.0,86.65496063232422
405,17,17.0,90.58987426757812
406,20,20.0,73.66581726074219
407,16,16.0,74.426025390625
408,18,18.0,90.97953033447266
409,37,37.0,90.47441101074219
410,11,11.0,91.99772644042969
411,19,19.0,91.42054748535156
412,27,27.0,82.48572540283203
413,30,30.0,92.3133544921875
414,33,33.0,92.066162109375
415,19,19.0,94.43019104003906
416,27,27.0,76.47239685058594
417,26,26.0,81.64303588867188
418,16,16.0,91.94380187988281
419,41,41.0,92.58798217773438
420,26,26.0,98.93370819091797
421,19,19.0,98.77680969238281
422,13,13.0,94.50260925292969
423,18,18.0,94.32017517089844
424,23,23.0,98.14964294433594
425,20,20.0,98.03843688964844
426,84,84.0,93.23865509033203
427,20,20.0,86.101806640625
428,16,16.0,97.04966735839844
429,12,12.0,87.87966918945312
430,40,40.0,95.13970184326172
431,42,42.0,94.68853759765625
432,14,14.0,94.75680541992188
433,15,15.0,99.62760162353516
434,38,38.0,98.6572265625
435,11,11.0,92.52043151855469
436,30,30.0,97.90576171875
437,17,17.0,102.78350830078125
438,34,34.0,98.77513122558594
439,34,34.0,101.60276794433594
440,19,19.0,104.8468246459961
441,32,32.0,102.06616973876953
442,21,21.0,106.67529296875
443,13,13.0,102.02839660644531
444,18,18.0,98.08535766601562
445,18,18.0,95.92176055908203
446,20,20.0,98.64527893066406
447,28,28.0,99.52449035644531
448,30,30.0,96.81536865234375
449,22,22.0,97.35731506347656
450,17,17.0,117.63622283935547
451,22,22.0,107.32825469970703
452,21,21.0,94.3837661743164
453,13,13.0,102.72783660888672
454,13,13.0,113.00076293945312
455,49,49.0,106.30209350585938
456,16,16.0,123.19007110595703
457,13,13.0,119.58383178710938
458,25,25.0,106.79901123046875
459,37,37.0,109.08070373535156
460,11,11.0,100.84976196289062
461,23,23.0,101.10595703125
462,12,12.0,108.67475891113281
463,14,14.0,109.45748901367188
464,22,22.0,106.80413818359375
465,18,18.0,117.23626708984375
466,18,18.0,107.82112121582031
467,35,35.0,111.08039855957031
468,30,30.0,113.9010009765625
469,11,11.0,117.85382080078125
470,26,26.0,109.90898132324219
471,19,19.0,116.73767852783203
472,13,13.0,114.47244262695312
473,27,27.0,113.40853881835938
474,19,19.0,115.07264709472656
475,14,14.0,129.09738159179688
476,49,49.0,126.9200439453125
477,29,29.0,110.36914825439453
478,11,11.0,131.50657653808594
479,11,11.0,122.2760238647461
480,13,13.0,116.63673400878906
481,23,23.0,123.93682861328125
482,29,29.0,119.705322265625
483,36,36.0,124.9161376953125
484,17,17.0,125.58116912841797
485,13,13.0,130.31466674804688
486,13,13.0,138.97093200683594
487,28,28.0,133.853515625
488,12,12.0,132.44076538085938
489,25,25.0,124.46284484863281
490,12,12.0,128.26600646972656
491,13,13.0,129.8773193359375
492,12,12.0,131.4100341796875
493,17,17.0,148.9490966796875
494,16,16.0,119.50279235839844
495,17,17.0,129.96339416503906
496,22,22.0,118.36398315429688
497,49,49.0,134.08700561523438
498,19,19.0,136.53826904296875
499,31,31.0,116.29891967773438
500,29,29.0,139.69430541992188
501,10,10.0,140.5848388671875
502,30,30.0,150.05343627929688
503,15,15.0,133.19143676757812
504,12,12.0,126.66595458984375
505,10,10.0,146.80384826660156
506,27,27.0,125.66809844970703
507,25,25.0,121.27264404296875
508,12,12.0,136.36041259765625
509,26,26.0,141.94508361816406
510,24,24.0,119.30859375
511,20,20.0,127.6015853881836
512,35,35.0,138.80783081054688
513,31,31.0,152.42105102539062
514,16,16.0,141.94625854492188
515,28,28.0,140.10745239257812
516,18,18.0,150.80804443359375
517,22,22.0,154.74420166015625
518,16,16.0,158.78082275390625
519,10,10.0,149.72308349609375
520,19,19.0,156.62855529785156
521,19,19.0,150.385498046875
522,17,17.0,125.4522476196289
523,32,32.0,156.987060546875
524,14,14.0,140.46929931640625
525,12,12.0,143.17979431152344
526,20,20.0,151.0450897216797
527,26,26.0,147.88861083984375
528,12,12.0,156.676025390625
529,14,14.0,153.11233520507812
530,32,32.0,150.9107208251953
531,16,16.0,144.3375244140625
532,21,21.0,158.2596435546875
533,14,14.0,164.50946044921875
534,40,40.0,149.18313598632812
535,10,10.0,160.56124877929688
536,10,10.0,158.99810791015625
537,13,13.0,156.18157958984375
538,19,19.0,157.21875
539,25,25.0,167.386474609375
540,22,22.0,176.60926818847656
541,35,35.0,162.10775756835938
542,34,34.0,156.78070068359375
543,20,20.0,170.78599548339844
544,16,16.0,170.0299072265625
545,31,31.0,166.29525756835938
546,16,16.0,160.34176635742188
547,33,33.0,176.05201721191406
548,20,20.0,166.79750061035156
549,43,43.0,153.08961486816406
550,12,12.0,175.36502075195312
551,18,18.0,169.69342041015625
552,35,35.0,153.46527099609375
553,12,12.0,162.99951171875
554,15,15.0,167.25225830078125
555,10,10.0,180.13992309570312
556,33,33.0,177.748779296875
557,22,22.0,184.99557495117188
558,33,33.0,162.43984985351562
559,19,19.0,175.589599609375
560,17,17.0,166.61944580078125
561,17,17.0,176.35919189453125
562,28,28.0,177.54229736328125
563,22,22.0,185.28602600097656
564,14,14.0,182.7361602783203
565,33,33.0,181.0210723876953
566,26,26.0,182.57611083984375
567,34,34.0,173.0166473388672
568,16,16.0,184.4515380859375
569,14,14.0,196.90975952148438
570,28,28.0,183.08067321777344
571,27,27.0,204.29910278320312
572,40,40.0,164.2034454345703
573,20,20.0,196.92391967773438
574,17,17.0,169.56866455078125
575,18,18.0,185.72869873046875
576,21,21.0,188.38064575195312
577,18,18.0,183.4369354248047
578,17,17.0,179.322509765625
579,20,20.0,216.7265625
580,35,35.0,189.96160888671875
581,18,18.0,192.8893585205078
582,20,20.0,185.0131378173828
583,13,13.0,195.61831665039062
584,15,15.0,184.34109497070312
585,22,22.0,171.47508239746094
586,28,28.0,200.78036499023438
587,44,44.0,186.7388916015625
588,17,17.0,196.77243041992188
589,17,17.0,209.34881591796875
590,11,11.0,186.78054809570312
591,18,18.0,192.8102569580078
592,21,21.0,195.69461059570312
593,24,24.0,186.63153076171875
594,14,14.0,201.69122314453125
595,27,27.0,223.1673126220703
596,32,32.0,188.6392059326172
597,11,11.0,195.72750854492188
598,22,22.0,186.29116821289062
599,19,19.0,191.98858642578125
600,13,13.0,193.30532836914062
601,16,16.0,195.29782104492188
602,17,17.0,223.51345825195312
603,53,53.0,194.8424835205078
604,17,17.0,219.29727172851562
605,39,39.0,209.4873809814453
606,12,12.0,201.86895751953125
607,22,22.0,195.74493408203125
608,61,61.0,188.44781494140625
609,16,16.0,218.02027893066406
610,35,35.0,202.41757202148438
611,19,19.0,213.96347045898438
612,17,17.0,226.28224182128906
613,36,36.0,215.71670532226562
614,11,11.0,227.64019775390625
615,15,15.0,246.11416625976562
616,21,21.0,195.381103515625
617,12,12.0,228.1170654296875
618,12,12.0,223.57164001464844
619,24,24.0,221.09014892578125
620,12,12.0,222.13490295410156
621,51,51.0,218.521728515625
622,16,16.0,227.08934020996094
623,24,24.0,222.10641479492188
624,39,39.0,222.77590942382812
625,15,15.0,223.17010498046875
626,15,15.0,222.78042602539062
627,16,16.0,240.06723022460938
628,20,20.0,224.8162384033203
629,55,55.0,250.06668090820312
630,26,26.0,245.29673767089844
631,29,29.0,241.98452758789062
632,23,23.0,224.39076232910156
633,12,12.0,258.8374938964844
634,27,27.0,239.06687927246094
635,19,19.0,230.26849365234375
636,29,29.0,245.719482421875
637,17,17.0,226.20208740234375
638,17,17.0,251.451171875
639,17,17.0,243.11053466796875
640,19,19.0,238.29266357421875
641,26,26.0,232.4632568359375
642,23,23.0,238.51930236816406
643,17,17.0,235.75057983398438
644,27,27.0,256.55450439453125
645,37,37.0,259.202880859375
646,10,10.0,247.65074157714844
647,17,17.0,247.2737274169922
648,19,19.0,254.12298583984375
649,26,26.0,240.28765869140625
650,30,30.0,234.2373504638672
651,14,14.0,250.30194091796875
652,44,44.0,260.80206298828125
653,18,18.0,259.1387939453125
654,20,20.0,239.29656982421875
655,17,17.0,237.23532104492188
656,40,40.0,242.22628784179688
657,14,14.0,273.81768798828125
658,31,31.0,225.72518920898438
659,13,13.0,271.5093688964844
660,27,27.0,250.91607666015625
661,24,24.0,267.4622802734375
662,19,19.0,224.8994598388672
663,22,22.0,253.40200805664062
664,25,25.0,262.25390625
665,22,22.0,273.1622314453125
666,79,79.0,274.0706787109375
667,24,24.0,249.15435791015625
668,11,11.0,301.76934814453125
669,19,19.0,269.009765625
670,27,27.0,284.6671142578125
671,12,12.0,241.43092346191406
672,9,9.0,259.4563293457031
673,14,14.0,249.85415649414062
674,13,13.0,253.47860717773438
675,14,14.0,259.11651611328125
676,14,14.0,281.16851806640625
677,11,11.0,260.5907287597656
678,10,10.0,275.1150817871094
679,26,26.0,265.81683349609375
680,25,25.0,264.158203125
681,21,21.0,268.85748291015625
682,23,23.0,293.9851379394531
683,15,15.0,258.208984375
684,13,13.0,294.3408203125
685,11,11.0,304.6191711425781
686,21,21.0,265.8413391113281
687,23,23.0,281.05853271484375
688,17,17.0,300.6058349609375
689,16,16.0,287.8629455566406
690,42,42.0,283.0244445800781
691,18,18.0,280.7287902832031
692,42,42.0,295.3363037109375
693,34,34.0,274.59320068359375
694,22,22.0,309.8585205078125
695,28,28.0,272.23468017578125
696,16,16.0,310.872802734375
697,30,30.0,290.56622314453125
698,41,41.0,282.286865234375
699,22,22.0,315.82073974609375
700,29,29.0,313.97271728515625
701,25,25.0,291.49774169921875
702,14,14.0,296.5111999511719
703,8,8.0,320.0977478027344
704,19,19.0,300.39886474609375
705,16,16.0,306.67138671875
706,9,9.0,298.2274475097656
707,11,11.0,308.7032165527344
708,28,28.0,297.1957702636719
709,13,13.0,311.91143798828125
710,34,34.0,274.4391174316406
711,11,11.0,265.1689453125
712,20,20.0,335.447265625
713,9,9.0,261.2406005859375
714,27,27.0,261.1246337890625
715,17,17.0,317.3499755859375
716,15,15.0,306.8028869628906
717,32,32.0,303.2158203125
718,19,19.0,282.170166015625
719,18,18.0,283.62506103515625
720,32,32.0,277.9994201660156
721,32,32.0,293.6996765136719
722,15,15.0,276.7402038574219
723,24,24.0,304.37078857421875
724,36,36.0,322.5635681152344
725,37,37.0,324.63629150390625
726,16,16.0,281.05584716796875
727,12,12.0,308.7206726074219
728,16,16.0,307.83837890625
729,37,37.0,311.8023986816406
730,14,14.0,299.22076416015625
731,43,43.0,295.4512023925781
732,13,13.0,303.8160400390625
733,9,9.0,343.59747314453125
734,14,14.0,295.809814453125
735,13,13.0,321.2752685546875
736,13,13.0,318.9639892578125
737,38,38.0,361.98358154296875
738,49,49.0,321.02911376953125
739,29,29.0,329.0462646484375
740,15,15.0,333.0638732910156
741,15,15.0,321.6810302734375
742,12,12.0,333.4444885253906
743,15,15.0,355.67486572265625
744,34,34.0,336.90771484375
745,21,21.0,352.6248474121094
746,29,29.0,306.54095458984375
747,14,14.0,324.85577392578125
748,26,26.0,329.4110107421875
749,21,21.0,312.02655029296875
750,16,16.0,306.5907897949219
751,13,13.0,329.07012939453125
752,45,45.0,337.2982177734375
753,19,19.0,333.57366943359375
754,34,34.0,337.0975036621094
755,36,36.0,337.8518981933594
756,31,31.0,313.8944091796875
757,10,10.0,355.01971435546875
758,15,15.0,352.77978515625
759,18,18.0,360.9973449707031
760,24,24.0,318.53607177734375
761,29,29.0,322.7255554199219
762,17,17.0,336.12615966796875
763,11,11.0,307.1134948730469
764,13,13.0,337.95880126953125
765,26,26.0,368.3445739746094
766,35,35.0,351.5430908203125
767,50,50.0,371.2711181640625
768,11,11.0,377.43682861328125
769,19,19.0,378.17095947265625
770,13,13.0,335.2705383300781
771,24,24.0,352.1981506347656
772,11,11.0,335.78082275390625
773,25,25.0,356.1465759277344
774,30,30.0,380.8558349609375
775,20,20.0,364.682373046875
776,19,19.0,351.48101806640625
777,9,9.0,350.26483154296875
778,15,15.0,354.3951110839844
779,11,11.0,336.77862548828125
780,14,14.0,350.17047119140625
781,44,44.0,367.3212890625
782,32,32.0,372.55596923828125
783,18,18.0,367.8216247558594
784,13,13.0,378.13385009765625
785,49,49.0,362.82818603515625
786,17,17.0,369.7681579589844
787,20,20.0,384.4915466308594
788,20,20.0,375.60137939453125
789,16,16.0,391.923828125
790,12,12.0,365.2822570800781
791,10,10.0,371.84716796875
792,13,13.0,390.406982421875
793,44,44.0,344.9006652832031
794,27,27.0,394.462890625
795,15,15.0,386.0850830078125
796,26,26.0,383.47174072265625
797,38,38.0,387.26043701171875
798,37,37.0,388.215576171875
799,16,16.0,360.1992492675781
800,22,22.0,372.83929443359375
801,21,21.0,342.2422180175781
802,20,20.0,353.9571533203125
803,22,22.0,393.14166259765625
804,21,21.0,372.6509094238281
805,33,33.0,344.2839050292969
806,12,12.0,408.16778564453125
807,20,20.0,382.5284423828125
808,63,63.0,348.624267578125
809,11,11.0,384.1405944824219
810,16,16.0,407.9003601074219
811,27,27.0,375.629150390625
812,25,25.0,382.8553161621094
813,18,18.0,409.4055480957031
814,19,19.0,406.5992126464844
815,30,30.0,357.5814514160156
816,11,11.0,392.14166259765625
817,18,18.0,381.2619934082031
818,45,45.0,374.8433837890625
819,15,15.0,402.280517578125
820,19,19.0,445.60174560546875
821,41,41.0,426.74530029296875
822,15,15.0,416.1424255371094
823,27,27.0,417.49835205078125
824,11,11.0,403.4048767089844
825,16,16.0,405.2282409667969
826,56,56.0,460.20550537109375
827,11,11.0,424.1439208984375
828,24,24.0,397.956787109375
829,17,17.0,420.8447265625
830,10,10.0,376.79248046875
831,30,30.0,408.89495849609375
832,12,12.0,382.8797607421875
833,22,22.0,475.27545166015625
834,37,37.0,439.36138916015625
835,14,14.0,484.33172607421875
836,10,10.0,462.09954833984375
837,38,38.0,441.97137451171875
838,12,12.0,390.9748840332031
839,11,11.0,447.3548889160156
840,10,10.0,449.3479919433594
841,19,19.0,424.3919677734375
842,12,12.0,498.4423828125
843,26,26.0,458.86572265625
844,29,29.0,410.33935546875
845,19,19.0,490.03399658203125
846,46,46.0,396.2269287109375
847,11,11.0,459.46795654296875
848,23,23.0,438.718505859375
849,49,49.0,397.1600646972656
850,22,22.0,479.7203674316406
851,18,18.0,431.9166259765625
852,18,18.0,457.92266845703125
853,9,9.0,490.73406982421875
854,11,11.0,458.8753967285156
855,15,15.0,435.4036865234375
856,29,29.0,451.73651123046875
857,17,17.0,449.88470458984375
858,32,32.0,479.00579833984375
859,10,10.0,510.6598205566406
860,15,15.0,425.4177551269531
861,16,16.0,435.02191162109375
862,13,13.0,505.22503662109375
863,8,8.0,426.6212158203125
864,54,54.0,440.59173583984375
865,19,19.0,471.35693359375
866,26,26.0,466.7250671386719
867,20,20.0,483.2615966796875
868,10,10.0,489.931640625
869,16,16.0,458.76885986328125
870,10,10.0,483.70660400390625
871,9,9.0,414.856201171875
872,11,11.0,474.4320373535156
873,22,22.0,458.4365234375
874,22,22.0,517.180908203125
875,32,32.0,479.77032470703125
876,27,27.0,447.0865173339844
877,20,20.0,453.59930419921875
878,28,28.0,486.87371826171875
879,15,15.0,461.8475341796875
880,30,30.0,438.8841552734375
881,14,14.0,422.7339172363281
882,14,14.0,464.442626953125
883,46,46.0,451.8031005859375
884,12,12.0,497.48272705078125
885,16,16.0,459.3131103515625
886,17,17.0,501.166748046875
887,11,11.0,500.5058898925781
888,18,18.0,463.315673828125
889,35,35.0,486.3909606933594
890,15,15.0,510.30084228515625
891,15,15.0,440.1371154785156
892,16,16.0,510.6717834472656
893,14,14.0,453.53729248046875
894,34,34.0,529.294677734375
895,10,10.0,477.09466552734375
896,27,27.0,482.3651123046875
897,36,36.0,496.0747375488281
898,26,26.0,541.6024169921875
899,26,26.0,476.40447998046875
900,11,11.0,505.0914306640625
901,10,10.0,521.268310546875
902,18,18.0,462.7396240234375
903,17,17.0,514.84033203125
904,10,10.0,530.9021606445312
905,25,25.0,456.3165283203125
906,23,23.0,530.9259033203125
907,11,11.0,499.14605712890625
908,21,21.0,480.37689208984375
909,18,18.0,487.5424499511719
910,20,20.0,493.1593322753906
911,68,68.0,499.83221435546875
912,15,15.0,508.19122314453125
913,13,13.0,521.8597412109375
914,28,28.0,514.9349365234375
915,29,29.0,591.755126953125
916,28,28.0,529.80224609375
917,27,27.0,527.7427978515625
918,10,10.0,552.589111328125
919,20,20.0,515.3912353515625
920,18,18.0,533.3961791992188
921,22,22.0,528.7383422851562
922,24,24.0,538.5810546875
923,20,20.0,507.80999755859375
924,43,43.0,513.228271484375
925,13,13.0,571.2572631835938
926,22,22.0,486.8708190917969
927,22,22.0,560.796875
928,22,22.0,571.7501220703125
929,15,15.0,539.1808471679688
930,21,21.0,561.5338745117188
931,30,30.0,566.0927734375
932,22,22.0,546.2149658203125
933,9,9.0,506.90240478515625
934,13,13.0,497.20172119140625
935,35,35.0,499.3869934082031
936,14,14.0,572.4129638671875
937,17,17.0,499.70733642578125
938,22,22.0,578.5821533203125
939,37,37.0,512.9866943359375
940,22,22.0,515.7445068359375
941,12,12.0,579.417236328125
942,19,19.0,544.9138793945312
943,16,16.0,518.3404541015625
944,37,37.0,516.4255981445312
945,12,12.0,559.3214111328125
946,15,15.0,585.0780029296875
947,25,25.0,557.7122192382812
948,26,26.0,560.2697143554688
949,13,13.0,573.1365966796875
950,15,15.0,641.6717529296875
951,20,20.0,616.3602294921875
952,11,11.0,588.1104125976562
953,31,31.0,583.9879150390625
954,34,34.0,583.5157470703125
955,12,12.0,511.6324462890625
956,10,10.0,557.8544921875
957,11,11.0,609.98388671875
958,29,29.0,541.5870361328125
959,13,13.0,519.9203491210938
960,15,15.0,604.999755859375
961,12,12.0,547.3822021484375
962,27,27.0,543.924560546875
963,13,13.0,593.6505126953125
964,15,15.0,571.1514892578125
965,17,17.0,607.202392578125
966,10,10.0,606.486083984375
967,14,14.0,570.3099365234375
968,82,82.0,524.2865600585938
969,14,14.0,572.3328857421875
970,14,14.0,593.538330078125
971,17,17.0,583.1141357421875
972,19,19.0,624.64501953125
973,20,20.0,625.0236206054688
974,14,14.0,597.07666015625
975,56,56.0,594.132080078125
976,16,16.0,660.056396484375
977,25,25.0,653.9393920898438
978,37,37.0,631.5001220703125
979,22,22.0,666.7416381835938
980,15,15.0,594.5440063476562
981,25,25.0,585.3004150390625
982,15,15.0,629.0736083984375
983,25,25.0,675.8467407226562
984,17,17.0,709.0743408203125
985,46,46.0,583.9567260742188
986,15,15.0,604.389404296875
987,27,27.0,654.1748657226562
988,33,33.0,643.5685424804688
989,31,31.0,627.6339721679688
990,19,19.0,703.430908203125
991,17,17.0,641.9046630859375
992,51,51.0,657.3359985351562
993,37,37.0,643.3870849609375
994,11,11.0,615.1917724609375
995,10,10.0,584.1375732421875
996,35,35.0,691.225830078125
997,25,25.0,604.430908203125
998,19,19.0,655.7149658203125
999,92,92.0,649.902587890625
